source,target,type
nir-davidson,001-roee-ozeri,advisor
david-j-wineland,001-roee-ozeri,postdoc_advisor
001-roee-ozeri,quantum-art,affiliated_with
roee-ozeri,002-ziv-meir,advisor
roee-ozeri,002-ziv-meir,advisor
roee-ozeri,002-ziv-meir,postdoc_advisor
stefan-willitsch,002-ziv-meir,postdoc_advisor
david-m-lucas,003-chris-ballance,advisor
003-chris-ballance,oxford-ionics,affiliated_with
003-chris-ballance,ionq-inc,affiliated_with
carl-wieman,004-christopher-monroe,advisor
david-j-wineland,004-christopher-monroe,postdoc_advisor
004-christopher-monroe,ionq-inc,affiliated_with
rainer-blatt,005-christian-roos,advisor
norman-f-ramsey,006-david-wineland,advisor
hans-dehmelt,006-david-wineland,postdoc_advisor
g√ºnter-werth,007-rainer-blatt,advisor
john-l-hall,007-rainer-blatt,postdoc_advisor
007-rainer-blatt,alpine-quantum-technologies-(aqt),affiliated_with
014-thomas-monz,alpine-quantum-technologies-(aqt),affiliated_with
h-jeff-kimble,015-tracy-northup,advisor
rainer-blatt,015-tracy-northup,postdoc_advisor
